Name,Year
RoboCop,2014
Non-Stop,2014
The Monuments Men,2014
Ride Along,2014
"I, Frankenstein",2014
The Legend of Hercules,2014
Jack Ryan: Shadow Recruit,2014
Devil's Due,2014
That Awkward Moment,2014
Yves Saint Laurent,2014
Veeram,2014
Jilla,2014
Human Capital,2014
Wish I Was Here,2014
The Skeleton Twins,2014
Comic 8,2014
Infinitely Polar Bear,2014
Excuse my French,2014
The Zero Theorem,2014
A Girl Walks Home Alone at Night,2014
Karar: The Deal,2014
The Better Angels,2014
Difret,2014
Song One,2014
"爸爸去哪儿 (Dad, Where Are We Going?)",2014
Yaariyan,2014
12 O’Clock Boys,2014
Trick The Movie: Last Stage,2014
Maidentrip,2014
15 Reasons to Love,2014
Killers,2014
Dungeons & Dragons: A Documentary,2014
Finding the Funk,2014
Run & Jump,2014
Against the Grain,2014
Loves Her Gun,2014
We Cause Scenes,2014
Papirosen,2014
Charlie Victor Romeo,2014
Yevadu,2014
Anita B.,2014
Black Butler,2014
Dumbbells,2014
Marmato,2014
The Battered Bastards of Baseball,2014
Balistik,2014
Where I'm From,2014
Mr. X,2014
Casper and Emma's Winter Vacation,2014
Snow Moon: Cinderella Chronicles Saga,2014
The Beast,2014
Die letzte Instanz,2014
Black Coffee,2014
Rover (or Beyond Human: The Venusian Future and the Return of the Next Level),2014
Qadr,2014
Patton Oswalt: Tragedy Plus Comedy Equals Time,2014
Morgan Murphy: Irish Goodbye,2014
The Sun Against my Eyes,2014
Red Krokodil,2014
One by Two,2014
The Lego Movie,2014
Mr. Peabody & Sherman,2014
The Grand Budapest Hotel,2014
Recep İvedik 4,2014
Pompeii,2014
Son of God,2014
3 Days to Kill,2014
Beauty and the Beast,2014
About Last Night,2014
Endless Love,2014
Winter's Tale,2014
Tinker Bell and the Pirate Fairy,2014
Aaha Kalyanam,2014
Justice League: War,2014
Easy on the Eyes,2014
Love Is Strange,2014
Spiral,2014
Ohm Shanthi Oshaana,2014
Repentance,2014
Thegidi,2014
"Hiro's, saison 2",2014
The Bag Man,2014
Aloft,2014
Agnee,2014
Dead Snow 2: Red vs. Dead,2014
"Like Sunday, Like Rain",2014
The last incubus,2014
Barefoot,2014
The Pretty One,2014
Paisa,2014
The Allman Brothers: Live at Great Woods,2014
From Above,2014
Date and Switch,2014
Vallinam,2014
A Place In The Heart,2014
Torturous,2014
A Fighting Chance,2014
Sinbad: The Fifth Voyage,2014
Haunt,2014
Lucky Bastard,2014
Una domenica notte,2014
The Mole Song: Undercover Agent Reiji,2014
Sync,2014
My Sisters,2014
Down and Dangerous,2014
Lust for Love,2014
Vampire Academy,2014
Jack Strong,2014
Eclipse em Portugal,2014
Jenny McCarthy's Dirty Sexy Funny,2014
A Woman as a Friend,2014
The Second Game,2014
Week-ends,2014
Zoe Misplaced,2014
Out in the Line-up,2014
Video Nasties: Draconian Days,2014
Apocalypse Pompeii,2014
AKP: Job 27,2014
Cuak,2014
Sing Over Me,2014
Captain America: The Winter Soldier,2014
Rio 2,2014
Noah,2014
300: Rise of an Empire,2014
Divergent,2014
Need for Speed,2014
Muppets Most Wanted,2014
God's Not Dead,2014
The Quiet Ones,2014
Sabotage,2014
The Single Moms Club,2014
Parts Per Billion,2014
Moms' Night Out,2014
A Long Way Down,2014
Under the Skin,2014
Tracks,2014
Diplomacy,2014
Veronica Mars,2014
Enemy,2014
D-Day: Normandy 1944,2014
The Raid 2,2014
Dubrovskiy,2014
Finding Vivian Maier,2014
50 to 1,2014
The Signal,2014
Apartment 18,2014
Rob the Mob,2014
Better Living Through Chemistry,2014
Starred Up,2014
The Missing Picture,2014
Yes & Yes,2014
Пельмени,2014
No more nights and no more days,2014
The Drop: The EDM Culture Explosion,2014
Exists,2014
Um Barzinho Um Violão - Sertanejo,2014
Maïna,2014
The Way He Looks,2014
Accused,2014
Janie Girl,2014
Unknown Territory,2014
Born to Race: Fast Track,2014
Wicked Blood,2014
Purgatory,2014
Jayhawkers,2014
Beltracchi - The Art of the Forgery,2014
Love in the Time of Advertising,2014
Nothing But Air,2014
El grillo,2014
Yo creo,2014
Boys of Abu Ghraib,2014
Red Sky,2014
Monster,2014
Maldamore,2014
The Silent Mountain,2014
Der zweite Mann,2014
Ending Is the Beginning - The Mitch Lucker Memorial Show,2014
The Trip to Bountiful,2014
The Third Side of the River,2014
The Amazing Spider-Man 2,2014
The Other Woman,2014
Transcendence,2014
Heaven is for Real,2014
My Old Classmate,2014
Brick Mansions,2014
Draft Day,2014
Barbecue,2014
Calvary,2014
Locke,2014
Ring Master,2014
Naan Sigappu Manithan,2014
Joe,2014
Polytechnic,2014
Where Hope Grows,2014
Black Rose,2014
Glen Campbell: I'll Be Me,2014
Blue Ruin,2014
An Odd Evening in April,2014
The Double,2014
Jinn,2014
Boulevard,2014
Afflicted,2014
Salem Abu Ukhtuh,2014
Match,2014
Cyber-Seniors,2014
Stage Fright,2014
In Your Eyes,2014
Trust Me,2014
24 Days,2014
Supernova,2014
Toen was geluk heel gewoon: De film,2014
Comedy Warriors: Healing Through Humor,2014
Cesar's Last Fast,2014
The Pool,2014
Glass Dolls,2014
Q,2014
Tamako Love Story,2014
Small Time,2014
Just Before I Go,2014
All About Ann: Governor Richards of the Lone Star State,2014
Manos sucias,2014
Capsule,2014
The Quiet Roar,2014
Sei lá,2014
Looking for Light: Jane Bown,2014
Dive Olly Dive and the Pirate Treasure,2014
El culo del mundo,2014
Smart Ass,2014
Pim & Pom: Het Grote Avontuur,2014
The Hooping Life,2014
Bermuda Tentacles,2014
5 to 7,2014
Just Eat It: A Food Waste Story,2014
Crows Explode,2014
Race Gurram,2014
Union fürs Leben,2014
Ti ricordi di me?,2014
Computer Hearts,2014
Maleficent,2014
X-Men: Days of Future Past,2014
Godzilla,2014
Edge of Tomorrow,2014
The Fault in Our Stars,2014
Neighbors,2014
Blended,2014
Chef,2014
The Salvation,2014
Million Dollar Arm,2014
Foxcatcher,2014
Heropanti,2014
"Two Days, One Night",2014
The Babadook,2014
The Two Faces of January,2014
Mommy,2014
The Homesman,2014
The Grand Seduction,2014
Jimmy's Hall,2014
The Rover,2014
Persecuted,2014
Maybe This Time,2014
Maps to the Stars,2014
Bangalore Days,2014
The Disappearance of Eleanor Rigby: Them,2014
Frank,2014
Speed Dragon,2014
Cold in July,2014
Selfie,2014
Pane e burlesque,2014
Oh! Father,2014
God's Pocket,2014
Walk of Shame,2014
Decoding Annie Parker,2014
An Eye for Beauty,2014
Last Day With Lizzy,2014
Broadcasting Girl,2014
Continuity Error,2014
Doc Watson and David Grisman - In Concert,2014
The Discoverers,2014
In The House of Flies,2014
The Final Girl,2014
Palo Alto,2014
Nude Area,2014
The Beginning,2014
The Angriest Man in Brooklyn,2014
Stand Clear of the Closing Doors,2014
Salvation Army,2014
Wax,2014
I Am Happiness on Earth,2014
A Million Ways to Die in the West,2014
Welcome to New York,2014
The Big Ask,2014
Dragon Nest: Warriors' Dawn,2014
Sx_Tape,2014
A Pelada,2014
My Pretend Girlfriend,2014
Leave it to Beavers,2014
D-Day 360,2014
Transformers: Age of Extinction,2014
Dawn of the Planet of the Apes,2014
How to Train Your Dragon 2,2014
22 Jump Street,2014
The Breakup Guru,2014
Think Like a Man Too,2014
Jersey Boys,2014
Earth to Echo,2014
Boyhood,2014
Mrs. Brown's Boys D'Movie,2014
French Women,2014
The Rewrite,2014
Obvious Child,2014
"Pancho, el perro millonario",2014
The Captive,2014
Climbing to Spring,2014
White God,2014
My Hawaiian Discovery,2014
Girlhood,2014
A Long Way Off,2014
Ping Pong Summer,2014
Scherzi: il film,2014
All at Once,2014
When I Saw You,2014
"Video Nasties: Moral Panic, Censorship & Videotape",2014
Tom in America,2014
The Dark Place,2014
The Boy in the Mirror,2014
Borders,2014
The Case Against 8,2014
The Internet's Own Boy: The Story of Aaron Swartz,2014
Ivory Tower,2014
Heavenly Sword,2014
Bluebird,2014
Hollywood Tours,2014
What We Do in the Shadows,2014
Paulo Coelho's Best Story,2014
Quality of Life,2014
Young Ones,2014
In Saturn's Rings,2014
Supermensch: The Legend of Shep Gordon,2014
Burt's Buzz,2014
Witches Don't Exist,2014
When Animals Dream,2014
NOW: In the Wings on a World Stage,2014
Ival Droupadi,2014
April Rain,2014
The Past Is a Grotesque Animal,2014
Zero Motivation,2014
Mundasupatti,2014
Harms,2014
Echo Park,2014
Velociraptor,2014
Uyirukku Uyiraga,2014
Ballet Boys,2014
I Am Steve McQueen,2014
Garish Hearts,2014
This American Life: Live at BAM,2014
Duet,2014
Hunt for the Super Predator,2014
Guardians of the Galaxy,2014
Lucy,2014
Hercules,2014
Planes: Fire & Rescue,2014
Sex Tape,2014
The Admiral: Roaring Currents,2014
The Purge: Anarchy,2014
Tammy,2014
Step Up All In,2014
Magic in the Moonlight,2014
Get on Up,2014
A Most Wanted Man,2014
And So It Goes,2014
The Magical Brush,2014
Velaiyilla Pattathari,2014
"Love, Rosie",2014
Avatharam,2014
Manglish,2014
When Marnie Was There,2014
I Origins,2014
Sultanat,2014
Alludu Seenu,2014
Duniyadari,2014
Angry Video Game Nerd: The Movie,2014
The Ganzfeld Haunting,2014
Millenium,2014
Fantasmi,2014
Summer Snow,2014
The Toy Box,2014
These Final Hours,2014
The Fluffy Movie,2014
Finding Fela,2014
Life Itself,2014
Psycho-Path Mania,2014
Time Teens: The Beginning,2014
Princess,2014
Juliet the Vagabond,2014
Goat Witch,2014
Miley Cyrus: Twerk It,2014
Al Capone: Icon,2014
Shakespeare's Globe on Screen: Macbeth,2014
Little Ghost,2014
Ruas Rivais,2014
Black Ink,2014
ความลับนางมารร้าย,2014
Lunch in the Park,2014
That Sugar Film,2014
I Touched All Your Stuff,2014
烈車戦隊トッキュウジャー THE MOVIE ギャラクシーラインSOS,2014
Chris Rea - Montreux Jazz Festival,2014
Proud Citizen,2014
First Day of Class,2014
"Sellig, épisode 4",2014
Lost In Detroit 2,2014
Expecting Amish,2014
The Pasta Detectives,2014
Among Ravens,2014
Rich Hall's California Stars,2014
Tom and Jerry: The Lost Dragon,2014
The Outlaw League,2014
